BIL,BWX,^FTSE,^GSPC,^HSI
45.84,52.05,6724.5,1554.41,29133.02
45.85,51.88,6730.7,1561.8,28838.37
45.83,51.75,6644.5,1548.71,29540.78
45.86,51.77,6614.3,1538.53,28954.55
45.88,51.95,6677.7,1541.24,29298.71
45.88,52.35,6609.4,1540.08,29465.05
45.92,52.54,6527.9,1500.63,29465.05
45.9,52.33,6459.3,1506.33,28373.63
45.9,52.55,6514,1519.59,29376.86
45.92,52.75,6482,1515.88,29333.53
45.91,52.89,6576.3,1514.4,29854.49
45.89,53.06,6661.3,1535.28,30405.22
45.93,53.18,6706,1540.98,31586.9
45.91,53.1,6659,1531.02,31638.22
45.92,53.15,6721.6,1549.38,31352.58
45.8,53.05,6586.1,1508.44,31492.88
45.83,53.46,6530.6,1509.65,30468.34
45.83,53.33,6461.4,1502.17,28942.32
45.83,53.51,6474.9,1520.27,29438.13
45.86,54,6385.1,1475.62,29708.93
45.83,54.22,6381.9,1474.77,28760.22
45.87,54.4,6304.9,1453.7,28783.41
45.89,54.45,6337.9,1439.18,27665.73
45.88,54.03,6362.4,1481.05,27803.35
45.86,54.2,6432.1,1470.58,29166.01
45.89,54.15,6359.6,1451.15,28751.21
45.89,54.16,6291.2,1458.74,27614.43
45.91,54.38,6120.8,1433.27,27460.17
45.92,54.6,6226.5,1439.7,27771.21
45.94,54.89,6070.9,1416.77,26618.19
45.95,54.83,6262.1,1440.7,26541.09
45.92,55.12,6180.5,1407.22,27626.62
45.96,54.8,6140.7,1428.23,27210.21
45.97,54.36,6306.2,1469.02,27371.24
45.94,54.42,6349.1,1469.72,28482.54
45.95,54.01,6432.5,1481.14,28643.61
45.8,54.17,6386.6,1472.42,28658.42
45.81,54.42,6315.2,1462.79,28879.59
45.81,53.87,6493.8,1485.01,29345.45
45.82,53.78,6485.6,1507.34,29558.92
45.86,53.59,6554.9,1504.66,28842.47
45.83,53.62,6565.4,1515.96,28501.1
45.89,53.94,6536.9,1477.65,29226.84
45.88,53.62,6559.8,1486.59,28521.06
45.9,53.32,6364.2,1488.41,27744.45
45.87,52.6,6397,1467.95,27563.64
45.89,52.52,6277.8,1445.9,26596.58
45.89,52.6,6279.3,1454.98,26732.87
45.91,52.71,6284.5,1453,27029.26
45.93,52.62,6345.6,1460.12,27017.09
45.93,52.55,6434.1,1484.46,27626.92
45.93,52.65,6479.3,1496.45,28128.8
45.93,53.12,6497.8,1476.27,27842.93
45.8,53.42,6476.9,1478.49,27370.6
45.79,53.8,6456.9,1468.36,27812.65
45.83,54.13,6416.7,1447.16,27560.52
45.8,54.29,6479.4,1447.16,26887.28
45.79,54.42,6348.5,1411.63,27519.69
45.83,54.3,6335.7,1416.18,27179.49
45.8,54.24,6356.5,1390.19,27112.9
45.77,54.04,6272.7,1409.13,27615.85
45.79,54.5,6222.7,1420.33,27230.86
45.81,54.48,6202,1401.02,26867.01
45.85,54.94,6215.7,1416.25,26468.13
45.84,54.91,6025.6,1380.95,25837.78
45.84,54.68,5942.9,1373.2,24450.85
45.82,54.68,5902.4,1333.25,25114.98
45.85,54.72,5901.7,1325.19,25201.87
45.87,54.37,5740.1,1310.5,21757.63
45.92,54.61,5609.4,1338.6,24090.17
45.94,54.72,5875.8,1352.07,23539.27
45.89,54.68,5869,1330.61,25122.37
45.91,54.79,5788.9,1353.96,24053.61
45.95,54.77,5885.2,1362.3,24291.8
45.97,55.07,5837.3,1355.81,23653.69
45.97,54.93,5879.8,1378.55,23455.74
45.85,55.07,6029.2,1395.42,24123.58
45.86,54.99,6026.2,1380.82,25032.08
45.83,54.6,5868,1336.64,24808.7
45.87,54.62,5875.4,1326.45,23469.46
45.87,54.66,5707.7,1339.13,22616.11
45.86,54.5,5910,1348.86,22921.67
45.87,54.39,5880.1,1367.21,23169.55
45.88,54.39,5879.3,1348.86,24021.68
45.88,54.62,5787.6,1349.99,24148.43
45.88,54.4,5966.9,1348.78,24123.17
45.86,54.38,5893.6,1360.03,23590.58
45.9,54.69,5932.2,1342.53,23623
45.9,54.97,5888.5,1353.11,23305.04
45.88,54.64,5999.5,1371.8,23269.14
45.91,55.06,6087.4,1381.29,23714.75
45.92,55.54,6076.5,1380.02,24483.84
45.92,56.06,5965.7,1367.68,24591.69
45.93,56.49,5884.3,1330.63,24331.67
45.86,56.47,5818.6,1331.34,23584.97
45.86,56.39,5767.7,1326.75,23119.87
45.85,56.49,5853.5,1333.7,23114.34
45.87,56.84,5766.4,1304.34,23342.73
45.87,56.79,5699.9,1293.37,22501.33
45.87,56.89,5629.1,1273.37,22705.05
45.87,56.62,5690.4,1320.65,22995.35
45.88,57.56,5776.4,1308.77,23422.76
45.87,57.72,5692.4,1315.48,22301.64
45.93,58.79,5631.7,1288.14,22237.11
45.92,58.34,5414.4,1276.6,21084.61
45.97,58.24,5605.8,1330.74,21384.61
45.98,57.8,5545.6,1298.42,21866.94
45.97,57.35,5495.2,1329.51,21108.22
45.93,56.45,5495.2,1349.88,21108.22
45.9,57.63,5689.1,1352.99,22464.52
45.93,58.01,5660.4,1341.13,22617.01
45.94,57.93,5717.5,1325.76,22664.22
45.9,57.99,5692.9,1315.22,23285.95
45.95,57.96,5702.1,1322.7,22849.2
45.85,57.23,5852.6,1370.18,23137.46
45.85,57.29,5915.9,1367.53,23872.43
45.85,57.31,5891.3,1369.31,24264.63
45.87,57.58,5947.1,1370.4,24264.63
45.85,57.39,6014.8,1372.54,24578.76
45.88,57.35,5990.2,1365.54,24311.69
45.88,57.5,5983.9,1354.49,23984.57
45.88,57.5,5965.1,1360.55,24187.1
45.88,57.89,5895.5,1332.83,24667.79
45.9,57.9,5831.6,1328.32,23811.2
45.9,57.5,5906.9,1334.43,23901.33
45.87,57.81,6046.2,1364.71,23878.35
45.87,57.25,5980.4,1365.56,24258.96
45.84,56.82,6056.6,1390.33,24197.78
45.86,57.11,6053,1388.17,24721.67
45.87,57.47,6034.7,1375.94,24939.15
45.87,57.4,6083.6,1379.93,25289.24
45.88,56.62,6050.7,1388.82,25680.78
45.88,55.66,6091.4,1397.84,25516.78
45.85,56.13,6090.4,1396.37,25666.29
45.9,56.11,6089.4,1390.94,25914.15
45.85,56.48,6087.3,1385.59,25755.35
45.83,55.7,6087.3,1409.34,25755.35
45.8,55.64,6215.5,1413.9,26241.02
45.81,55.95,6215.5,1407.49,26183.95
45.79,56.04,6215.3,1418.26,26262.13
45.82,55.86,6261,1392.57,25610.21
45.8,56.03,6270.8,1397.68,25449.79
45.82,56.46,6204.7,1388.28,25063.17
45.82,56.4,6220.7,1403.58,25063.17
45.8,56.01,6211.9,1403.04,25552.77
45.8,55.78,6216,1408.66,25533.48
45.8,55.5,6251.8,1423.57,25513.71
45.81,55.9,6304.3,1425.35,25618.86
45.81,55.91,6376.5,1426.63,25742.23
45.79,56.44,6191.6,1413.4,25169.46
45.79,56.61,6198.1,1390.71,25460.29
45.82,56.25,6181.6,1394.35,25043.12
45.82,56.53,6087.3,1375.93,24714.07
45.82,56.14,6058.5,1385.35,24282.04
45.84,55.89,6069.6,1390.84,24249.51
45.82,55.31,6068.1,1398.26,24383.99
45.84,55.48,6053.5,1400.38,24533.12
45.83,55.54,6007.6,1385.67,24831.36
45.83,55.3,6057.7,1377.65,24375.76
45.82,55.18,5970.1,1377.2,24123.25
45.79,55.24,5995.3,1404.05,24255.29
45.8,55.7,5906.8,1360.68,24402.18
45.85,54.24,5827.3,1358.44,23375.52
45.88,54.39,5723.3,1335.49,23327.6
45.85,53.27,5790.5,1339.87,23023.86
45.88,53.63,5802.8,1360.03,22592.3
45.88,53.74,5794.6,1360.14,23029.69
45.87,54.01,5861.9,1350.93,23057.99
45.89,54.22,5756.9,1337.81,23325.8
45.88,54.08,5708.4,1342.83,22797.61
45.9,54.76,5620.8,1317.93,22745.6
45.9,54.37,5667.2,1318,22714.96
45.9,54.75,5634.7,1314.29,22456.02
45.91,54.9,5666.1,1321.97,22635.16
45.91,55.49,5518.2,1283.15,22455.67
45.93,55.56,5530,1278.38,22042.35
45.9,55.1,5625.9,1280,22102.01
45.86,55.52,5426.3,1261.52,21704.45
45.86,55.31,5476.6,1262.9,21242.78
45.85,55.45,5512.7,1252.31,21913.06
45.83,55.11,5440.5,1273.7,21220.81
45.84,55.73,5529.6,1244.69,21805.81
45.88,55.68,5406.8,1253.39,21821.78
45.91,55.86,5261.6,1239.49,22184.55
45.91,56.2,5300.4,1228.3,22014.46
45.92,56.45,5171.9,1214.91,21174.77
45.93,56.25,5150.6,1245.36,21223.5
45.86,55.75,5286.3,1260.32,21734.72
45.92,55.56,5376.4,1260.68,21874.19
45.88,55.9,5404.3,1260,22532.9
45.9,55.53,5364.2,1277,22527.48
45.92,55.31,5449.9,1282.19,23134.55
45.91,55.5,5362.3,1252.54,23087.72
45.92,55.42,5352.6,1257.76,22740.71
45.92,55.76,5312.6,1234.37,22687.21
45.92,55.35,5319.2,1263.2,22258
45.93,55.74,5420.7,1284.26,22690.6
45.93,55.76,5411.9,1267.38,22731.1
45.85,55.6,5354.7,1260.31,22862.6
45.86,55.52,5320.2,1249.01,22514.92
45.87,55.34,5454.5,1284.88,21949.75
45.88,54.95,5477.5,1266.07,22104.2
45.87,54,5489.2,1296.32,21885.21
45.88,53.47,5541.8,1305.32,21859.34
45.85,53.95,5534.5,1289.59,21640.89
45.89,53.91,5448.6,1285.83,21293.32
45.88,53.66,5497.5,1292.93,21392.71
45.89,53.09,5454.8,1298.2,21160.58
45.86,53.49,5450.2,1278.6,20930.67
45.9,53.63,5320.4,1266.69,20484.37
45.9,53.47,5371.8,1274.54,20931.26
45.91,53.9,5370.2,1277.72,20392.06
45.92,53.62,5505.6,1292.2,20392.06
45.91,53.9,5505.6,1266.84,21104.79
45.92,53.62,5470.7,1271.51,21056.66
45.92,53.38,5528.2,1281.66,21464.72
45.92,53.5,5601.2,1300.68,20972.29
45.9,53.26,5636.6,1282.83,21261.89
45.87,53.05,5620.7,1277.58,21042.46
45.87,53,5499.7,1274.98,20585.06
45.87,52.7,5362.1,1236.83,20389.48
45.88,52.4,5240.7,1242.31,19933.28
45.88,52.26,5446.3,1267.79,20794.27
45.87,52.32,5415.6,1224.51,20491.11
45.89,51.72,5366.2,1232.04,19999.78
45.88,51.6,5318.4,1249.05,19388.72
45.9,52.03,5416.7,1251.7,19352.9
45.97,52.57,5025.6,1213.6,18300.61
46.17,51.4,4912.4,1156.39,17637.19
46.04,51.07,4880,1206.51,17632.46
45.88,52.15,5311.3,1255.08,19327.73
45.9,52.87,5236.3,1207.09,19632.2
46.05,53.25,5136.1,1188.22,18872.85
45.91,53.39,5095.6,1185.87,18961.99
45.96,53.87,5197,1209.18,18934.43
46.04,53.24,5088.5,1213.27,18682.09
46.24,51.67,4818.8,1106.42,17880.68
46.07,51.89,4902.5,1166.36,18016.21
45.98,51.99,4870.3,1114.28,18211.11
45.98,52.08,4980.3,1099.23,17682.4
45.97,52.33,4589.2,1056.89,16803.76
45.96,51.21,4605.2,996.23,16803.76
45.92,49.19,4366.7,984.94,15431.73
45.99,49.31,4313.8,909.92,15943.24
46.03,48,3932.1,899.22,14796.87
45.85,48.02,4256.9,1003.35,16312.16
45.93,49.08,4394.2,998.01,16832.88
45.94,50.47,4079.6,907.84,15998.3
45.92,49.23,3861.4,946.43,15230.52
45.82,50.32,4063,940.55,14554.21
45.93,50.19,4282.7,985.4,15323.01
45.93,49.84,4229.7,955.05,15041.17
45.87,48.99,4040.9,896.78,14266.6
45.93,49.12,4087.8,908.11,13760.49
45.88,48.55,3883.4,876.77,12618.38
45.95,48.26,3852.6,848.92,11015.84
45.94,48.25,3926.4,940.51,12596.29
45.89,48.98,4242.5,930.09,12702.07
45.95,49.45,4291.7,954.09,14329.85
45.9,49.15,4377.3,968.75,13968.67
45.84,48.9,4443.3,966.3,14344.37
45.86,49.41,4639.5,1005.75,14384.34
45.88,49.53,4530.7,952.77,14840.16
45.95,49.41,4272.4,904.88,13790.04
45.95,49.62,4365,930.99,14243.43
45.94,49.48,4403.9,919.21,14744.63
45.94,49.01,4246.7,898.95,14040.9
45.95,49,4182,852.3,13939.09
45.95,49.45,4169.2,911.29,13221.35
45.95,49.35,4233,873.29,13542.66
45.97,49.25,4132.2,850.75,13529.53
45.92,49.07,4208.6,859.12,12915.89
45.91,48.9,4005.7,806.58,12815.8
45.94,49.2,3875,752.44,12298.56
45.93,49,3781,800.03,12659.2
45.94,49.95,4153,851.81,12457.94
45.95,50.6,4171.3,857.39,12878.6
45.97,50.5,4152.7,887.68,13369.45
45.83,50.3,4288,896.24,13888.24
45.93,50.35,4065.5,816.21,14108.84
45.97,50.63,4122.9,848.81,13405.85
45.9,50.65,4170,870.74,13588.66
45.88,50.48,4163.6,845.22,13509.78
45.88,50.26,4049.4,876.07,13846.09
45.89,50.9,4300.1,909.7,15044.87
45.87,50.8,4381.3,888.67,14753.22
45.9,50.91,4367.3,899.24,15577.74
45.85,51.81,4388.7,873.59,15613.9
45.87,51.77,4280.4,879.73,14758.39
45.86,52.55,4277.6,868.57,15046.95
45.89,54.19,4309.1,913.18,15130.21
45.86,55.42,4324.2,904.42,15460.52
45.83,54.92,4330.7,885.28,15497.81
45.86,54.33,4286.9,887.88,15127.51
45.92,54.45,4249.2,871.63,14622.39
45.87,54.43,4256,863.16,14220.79
45.92,54.45,4216.6,868.15,14184.14
45.92,54.4,4216.6,872.8,14184.14
45.73,54.67,4319.4,869.42,14328.48
45.89,54.8,4392.7,890.64,14235.5
45.79,54.4,4434.2,903.25,14387.48
45.8,53.95,4561.8,931.8,15042.81
45.8,53.3,4579.6,927.45,15563.31
45.81,52.3,4638.9,934.7,15509.51
45.88,53.09,4507.5,906.65,14987.46
45.83,53.53,4505.4,909.73,14415.91
45.86,53.2,4448.5,890.35,14377.44
45.84,52.9,4426.2,870.26,13971
45.9,52.32,4399.2,871.79,13668.05
45.91,52.12,4180.6,842.62,13704.61
45.92,52.19,4121.1,843.74,13242.96
45.89,52.35,4147.1,850.12,13255.51
45.81,51.35,4091.4,805.22,12959.77
45.89,51.39,4059.9,840.24,12583.63
45.9,51.4,4052.2,827.5,12657.99
45.89,51.15,4052.5,831.95,12578.6
45.84,51.39,4190.1,845.14,13154.43
45.88,50.75,4149.6,825.88,13278.21
45.9,50.75,4077.8,825.44,12861.49
45.86,50.95,4164.5,838.51,12776.89
45.89,50.7,4228.6,832.23,13063.89
45.87,50.48,4228.9,845.85,13178.9
45.8,50.55,4291.9,868.6,13655.04
45.86,50.9,4307.6,869.89,13769.06
45.85,50.9,4213.1,827.16,13880.64
45.84,50.95,4234.3,833.74,13539.21
45.84,50.75,4202.2,835.19,13228.3
45.88,50.61,4189.6,826.84,13554.67
45.88,49.56,4034.1,789.17,12945.4
45.89,49.35,4006.8,788.42,13016
45.89,49.27,4018.4,778.94,13023.36
45.89,50.19,3889.1,770.05,12699.17
45.88,49.8,3850.7,743.33,13175.1
45.85,49.9,3816.4,773.14,12798.52
45.83,49.41,3849,764.9,13005.08
45.84,49.19,3915.6,752.83,12894.94
45.87,48.94,3830.1,735.09,12811.57
45.89,48.57,3625.8,700.82,12317.46
45.88,48.26,3512.1,696.33,12033.88
45.88,48.39,3645.9,712.87,12331.15
45.89,48.43,3529.9,682.55,12211.24
45.88,48.3,3530.7,683.38,11921.52
45.88,48.55,3542.4,676.53,11344.58
45.88,48.7,3715.2,719.6,11694.05
45.88,49.42,3693.8,721.36,11930.66
45.86,49.8,3712.1,750.74,12001.53
45.85,49.72,3753.7,756.55,12525.8
45.84,49.86,3864,753.89,12976.71
45.87,49.91,3857.1,778.12,12878.09
45.88,51.59,3805,794.35,13117.17
45.85,52.3,3816.9,784.04,13130.92
45.87,51.99,3842.9,768.54,12833.51
45.88,52.38,3952.8,822.92,13447.42
45.87,51.5,3911.5,806.12,13910.34
45.89,51.93,3900.3,813.88,13622.11
45.88,51.72,3925.2,832.86,14108.98
45.89,51.3,3898.9,815.94,14119.5
45.88,51.1,3762.9,787.53,13456.33
45.86,51.15,3926.1,797.87,13576.02
45.86,51.25,3955.6,811.08,13519.54
45.83,51.45,4125,834.38,14521.97
45.86,51.6,4029.7,842.5,14545.69
45.85,51.21,3993.5,835.48,14998.04
45.85,51.1,3930.5,815.55,14928.97
45.87,51.09,3925.5,825.16,14474.86
45.84,50.65,3983.7,856.56,14901.41
45.87,51.51,3983.7,858.73,14901.41
45.85,51.55,3989,841.5,15580.16
45.85,51.5,3968.4,852.06,15669.62
45.88,51.27,4053,865.3,15582.99
45.83,50.75,4092.8,869.6,15601.27
45.85,50.6,3990.9,832.39,15750.91
45.84,50.83,3987.5,850.08,15285.89
45.87,50.73,4030.7,843.55,14878.45
45.89,51.33,4018.2,851.92,15214.46
45.89,51.89,4156,866.23,15258.85
45.88,51.03,4167,857.51,14840.42
45.89,51.75,4096.4,855.16,14555.11
45.88,51.83,4189.6,873.64,14956.95
45.88,51.61,4243.7,872.81,15520.99
45.89,51.9,4243.2,877.52,15520.99
45.83,52.22,4243.2,907.24,16381.05
45.84,52.2,4336.9,903.8,16430.08
45.83,52.41,4396.5,919.53,16834.57
45.83,51.98,4398.7,907.39,17217.89
45.84,52.85,4462.1,929.23,17389.87
45.83,52.86,4435.5,909.24,17087.95
45.87,52.87,4425.5,908.35,17153.64
45.84,53.05,4331.4,883.92,17059.62
45.85,53.15,4362.6,893.07,16541.69
45.85,52.66,4348.1,882.88,16790.7
45.88,53,4446.5,909.71,17022.91
45.87,53.01,4482.3,908.13,17544.03
45.83,53.72,4468.4,903.47,17475.84
45.86,54.04,4345.5,888.33,17199.49
45.87,54.15,4365.3,887,17062.52
45.88,54.09,4411.7,910.33,16991.56
45.88,53.84,4416.2,893.06,17885.27
45.88,54.38,4417.9,919.14,18171
45.84,54.36,4506.2,942.87,18888.59
45.84,54.71,4477,944.74,18389.08
45.86,54.22,4383.4,931.76,18576.47
45.86,54.14,4386.9,942.46,18502.77
45.85,53.09,4438.6,940.09,18679.53
45.86,53.3,4405.2,939.14,18253.39
45.85,53.8,4404.8,942.43,18058.49
45.86,53.23,4436.8,939.15,18785.66
45.83,53.85,4461.9,944.89,18791.03
45.87,53.82,4442,946.21,18889.68
45.87,53.31,4326,923.72,18498.96
45.88,53.43,4328.6,911.97,18165.5
45.88,53.91,4278.5,910.71,18084.6
45.87,53.63,4280.9,918.37,17776.66
45.88,53.77,4345.9,921.23,17920.93
45.88,53.6,4234.1,893.04,18059.55
45.88,54.28,4230,895.1,17538.37
45.88,53.94,4280,900.94,17892.15
45.88,54.3,4252.6,920.26,18275.03
45.88,54.66,4241,918.9,18600.26
45.88,54.57,4294,927.23,18528.51
45.87,54.66,4249.2,919.32,18378.73
45.88,54.7,4234.3,896.42,18178.05
45.87,54.84,4194.9,898.72,17979.41
45.87,54.34,4187,881.03,17862.27
45.88,54.66,4140.2,879.56,17721.07
45.87,55.11,4158.7,882.68,17790.59
45.87,55.04,4127.2,879.13,17708.42
45.88,54.95,4202.1,901.05,17254.63
45.88,54.8,4237.7,905.84,17885.73
45.86,55.09,4346.5,932.68,18258.66
45.88,55.21,4361.8,940.74,18361.87
45.88,55.05,4388.8,940.38,18805.66
45.86,55.27,4443.6,951.13,19502.37
45.86,55.42,4481.2,954.58,19501.73
45.87,55.52,4493.7,954.07,19248.17
45.86,55.31,4559.8,976.29,19817.7
45.85,55.63,4576.6,979.26,19982.79
45.85,55.58,4586.1,982.18,20251.62
45.86,55.6,4528.8,979.62,20624.54
45.86,55.32,4547.5,975.15,20135.5
45.87,55.19,4631.6,986.75,20234.08
45.84,56.37,4608.4,987.48,20573.33
45.85,56.4,4682.5,1002.63,20807.26
45.86,56.31,4671.4,1005.65,20796.43
45.85,56.6,4647.1,1002.72,20494.77
45.85,56.2,4690.5,997.08,20899.24
45.85,55.55,4731.6,1010.48,20375.37
45.85,55.43,4722.2,1007.1,20929.52
45.85,55.39,4671.3,994.35,21074.21
45.87,55.72,4716.8,1005.81,20435.24
45.85,55.88,4755.5,1012.73,20861.3
45.87,56.01,4714,1004.09,20893.33
45.85,55.85,4645,979.73,20137.65
45.87,55.82,4685.8,989.67,20306.27
45.85,56.23,4689.7,996.46,19954.23
45.86,56.41,4756.6,1007.37,20328.86
45.85,56.59,4850.9,1026.13,20199.02
45.85,56.62,4896.2,1025.57,20535.94
45.85,56.55,4916.8,1028,20435.24
45.86,56.39,4890.6,1028.12,20456.32
45.86,56.74,4869.4,1030.98,20242.75
45.87,56.54,4908.9,1028.93,20098.62
45.87,56.8,4908.9,1020.62,19724.19
45.84,56.29,4819.7,998.04,19872.3
45.88,56.47,4817.6,994.75,19522
45.88,56.7,4796.8,1003.24,19761.68
45.88,56.94,4851.7,1016.4,20318.62
45.88,57.54,4947.3,1025.39,21069.81
45.85,57.54,5004.3,1033.37,20851.04
45.86,57.45,4987.7,1044.14,21069.56
45.85,57.79,5011.5,1042.73,21161.42
45.85,58.13,5018.9,1049.34,20932.2
45.85,58.22,5042.1,1052.63,20866.37
45.85,58.33,5124.1,1068.76,21402.92
45.86,58.41,5164,1065.49,21768.51
45.85,58.18,5172.9,1068.3,21623.45
45.88,57.71,5134.4,1064.66,21472.85
45.85,58.43,5142.6,1071.66,21701.14
45.87,58.31,5139.4,1060.87,21595.52
45.85,57.85,5079.3,1050.78,21050.73
45.87,58.21,5082.2,1044.38,21024.4
45.88,58.39,5165.7,1062.98,20588.41
45.88,58.25,5159.7,1060.61,21013.17
45.88,58.43,5133.9,1057.08,20955.25
45.85,58.13,5047.8,1029.85,20955.25
45.85,58.36,4988.7,1025.21,20375.49
45.87,58.47,5024.3,1040.46,20429.07
45.85,58.64,5138,1054.72,20811.53
45.87,58.77,5108.9,1057.58,21241.59
45.85,59.26,5154.6,1065.48,21492.9
45.86,58.69,5161.9,1071.49,21499.44
45.86,58.99,5210.2,1076.19,21299.35
45.86,59.02,5154.2,1073.19,21467.36
45.85,59.14,5256.1,1092.02,21886.48
45.85,58.9,5223,1096.56,21999.08
45.87,58.68,5190.2,1087.68,21929.9
45.86,59.1,5281.5,1097.91,22200.46
45.85,59.13,5243.4,1091.06,22384.96
45.85,59.15,5257.9,1081.4,22318.11
45.85,59.2,5207.4,1092.91,22210.52
45.85,58.93,5242.6,1079.6,22589.73
45.85,58.4,5191.7,1066.95,22589.73
45.85,58.48,5201,1063.41,22169.59
45.85,58.28,5080.4,1042.63,21761.58
45.86,58.44,5137.7,1066.11,21264.99
45.88,58.5,5044.6,1036.19,21752.87
45.88,58.48,5104.5,1042.88,21620.19
45.88,58.26,5037.2,1045.41,21240.06
45.87,58.49,5107.9,1046.5,21614.77
45.87,58.68,5125.6,1066.63,21479.08
45.88,58.72,5142.7,1069.3,21829.72
45.88,59.33,5235.2,1093.08,22207.55
45.85,59.4,5230.6,1093.01,22268.16
45.85,59.58,5266.8,1098.51,22627.21
45.85,58.87,5276.5,1087.24,22397.57
45.85,59.47,5296.4,1093.48,22553.63
45.85,59.72,5382.7,1109.3,22943.98
45.85,59.51,5345.9,1110.32,22914.15
45.85,59.6,5342.1,1109.8,22840.33
45.85,59.54,5267.7,1094.9,22643.16
45.85,59.3,5251.4,1091.38,22455.84
45.85,59.58,5355.5,1106.24,22771.39
45.85,59.65,5324,1105.65,22423.14
45.85,60.23,5364.8,1110.63,22611.8
45.86,59.91,5245.7,1091.49,21134.5
45.86,60.27,5190.7,1095.63,21821.5
45.86,60.61,5312.2,1108.86,22113.15
45.85,60.48,5327.4,1109.24,22289.57
45.85,60.16,5313,1099.92,22553.87
45.87,59.28,5322.4,1105.98,22498.15
45.85,59.35,5310.7,1103.25,22324.96
45.85,59.15,5223.1,1091.94,22060.52
45.87,59.28,5203.9,1095.95,21741.76
45.85,59.08,5244.4,1102.35,21700.04
45.85,58.51,5261.6,1106.41,21902.11
45.84,58.91,5315.3,1114.11,22085.75
45.84,58.41,5285.8,1107.93,21813.92
45.85,58.23,5320.3,1109.18,21611.74
45.85,57.69,5217.6,1096.08,21347.63
45.85,57.56,5196.8,1102.47,21175.88
45.85,57.22,5294,1114.05,20948.1
45.85,57.09,5328.7,1118.02,21092.04
45.85,57.33,5372.4,1120.59,21328.74
45.86,57.2,5402.4,1126.48,21517
45.85,57.37,5402.4,1127.78,21480.22
45.85,56.82,5437.6,1126.2,21499.44
45.86,56.77,5397.9,1126.42,21496.62
45.87,56.83,5412.9,1115.1,21872.5
45.85,56.99,5500.3,1132.99,21823.28
45.84,57.26,5522.5,1136.52,22279.58
45.84,57.16,5530,1137.14,22416.67
45.84,56.83,5526.7,1141.69,22269.45
45.84,57.16,5534.2,1144.98,22296.75
45.84,57.56,5538.1,1146.98,22411.52
45.84,57.59,5498.7,1136.22,22326.64
45.86,57.78,5473.5,1145.68,21748.6
45.85,57.85,5498.2,1148.46,21716.95
45.85,57.77,5455.4,1136.03,21654.16
45.85,57.53,5513.1,1150.23,21677.98
45.85,56.66,5420.8,1138.04,21286.17
45.85,56.93,5335.1,1116.48,20862.67
45.85,56.97,5303,1091.76,20726.18
45.86,56.88,5260.3,1096.78,20598.55
45.86,56.92,5276.9,1092.17,20109.33
45.87,56.66,5217.5,1097.5,20033.07
45.86,56.46,5145.7,1084.53,20356.37
45.87,56,5188.5,1073.87,20121.99
45.86,55.94,5247.4,1089.19,20243.75
45.85,56.18,5283.3,1103.32,20272.18
45.87,56,5253.2,1097.28,20722.08
45.87,55.67,5139.3,1063.11,20341.64
45.87,55.25,5060.9,1066.19,19665.08
45.87,55.27,5092.3,1056.74,19550.89
45.87,55.75,5111.8,1070.52,19790.28
45.87,55.73,5132,1068.13,19922.22
45.87,55.82,5161.5,1078.47,20290.69
45.87,55.66,5142.5,1075.51,20268.69
45.84,55.83,5276.6,1099.51,20534.01
45.86,55.79,5325.1,1106.75,20422.15
45.84,55.56,5358.2,1109.17,19894.02
45.86,55.84,5352.1,1108.01,20377.27
45.84,55.88,5315.1,1094.6,20623
45.86,56.08,5342.9,1105.24,20467.74
45.86,56.07,5278.2,1102.94,20399.57
45.86,55.97,5354.5,1104.49,20608.7
45.84,55.62,5405.9,1115.71,21056.93
45.85,55.9,5484.1,1118.31,20906.11
45.84,56.2,5533.2,1118.79,20876.79
45.84,55.9,5527.2,1122.97,20575.78
45.84,55.86,5599.8,1138.7,20787.97
45.84,55.99,5606.7,1138.5,21196.87
45.84,55.82,5602.3,1140.45,21207.55
45.85,55.94,5640.6,1145.61,21208.29
45.84,56.16,5617.3,1150.24,21228.2
45.84,56.47,5625.7,1149.99,21209.74
45.84,56.5,5593.9,1150.51,21079.1
45.84,56.78,5620.4,1159.46,21022.93
45.84,57.02,5644.6,1166.21,21384.49
45.84,56.73,5642.6,1165.83,21330.67
45.84,56.49,5650.1,1159.9,21370.82
45.85,56.42,5644.5,1165.81,20933.25
45.85,56.5,5673.6,1174.17,20987.78
45.84,55.84,5677.9,1167.72,21008.62
45.86,55.27,5727.7,1165.73,20778.55
45.86,55.44,5703,1166.59,21053.11
45.84,55.64,5710.7,1173.22,21237.43
45.84,55.75,5672.3,1173.27,21374.79
45.86,55.96,5679.6,1169.43,21239.35
45.86,55.98,5744.9,1178.1,21537
45.84,55.69,5744.9,1187.44,21537
45.84,55.59,5780.4,1189.44,21537
45.84,55.54,5762.1,1182.45,21928.77
45.84,55.5,5712.7,1186.44,21867.04
45.84,55.64,5771,1194.37,22208.5
45.84,55.88,5777.7,1196.48,22138.17
45.84,56.09,5761.7,1197.3,22103.53
45.84,56.16,5796.3,1210.65,22121.43
45.84,55.83,5825,1211.67,22157.82
45.84,55.72,5744,1192.13,21865.26
45.85,55.7,5727.9,1197.52,21405.17
45.84,55.88,5783.7,1207.17,21623.38
45.84,55.74,5723.4,1205.94,21510.93
45.84,55.29,5665.3,1208.67,21454.94
45.84,55.3,5723.7,1217.28,21244.49
45.85,55.33,5753.9,1212.05,21587.06
45.84,54.85,5603.5,1183.71,21261.79
45.85,54.45,5586.6,1191.36,20949.4
45.85,54.66,5617.8,1206.78,20778.92
45.84,55.15,5553.3,1186.69,21108.59
45.85,54.72,5553.3,1202.26,20811.36
45.84,54.33,5411.1,1173.6,20763.05
45.85,53.61,5341.9,1165.87,20327.54
45.86,52.97,5261,1128.15,20133.41
45.86,53.11,5123,1110.88,19920.29
45.86,53.78,5387.4,1159.73,20426.64
45.86,53.91,5334.2,1155.79,20146.51
45.86,53.69,5383.5,1171.67,20212.49
45.85,53.29,5433.7,1157.44,20422.46
45.86,53.05,5262.9,1135.68,20145.43
45.86,52.78,5262.5,1136.94,19715.2
45.85,52.38,5307.3,1120.8,19944.94
45.86,52.97,5158.1,1115.05,19578.98
45.86,53.25,5073.1,1071.59,19545.83
45.86,53.17,5069.6,1073.65,19667.76
45.86,53.23,4940.7,1074.03,18985.5
45.87,52.62,5038.1,1067.95,19196.45
45.85,52.92,5195.2,1103.06,19431.37
45.86,53.14,5188.4,1089.41,19766.71
45.86,53.38,5163.3,1070.71,19496.95
45.87,52.89,5151.3,1098.38,19471.8
45.85,52.59,5211.2,1102.83,19786.71
45.87,52.61,5126,1064.88,19780.07
45.86,52.26,5069.1,1050.47,19378.15
45.87,52.49,5028.2,1062,19487.48
45.87,52.65,5085.9,1055.69,19621.24
45.87,52.86,5132.5,1086.84,19632.7
45.87,52.59,5163.7,1091.6,19872.38
45.85,53.02,5202.1,1089.63,20051.91
45.85,53.11,5217.8,1115.23,20062.15
45.85,53.54,5253.9,1116.04,20138.4
45.86,53.58,5250.8,1117.51,20286.71
45.85,53.49,5299.1,1113.2,20912.18
45.86,53.79,5247,1095.31,20819.08
45.86,53.78,5178.5,1092.04,20856.61
45.86,53.49,5100.2,1073.69,20733.49
45.86,53.89,5046.5,1076.76,20690.79
45.86,53.7,5071.7,1074.57,20726.68
45.86,53.49,4914.2,1041.24,20248.9
45.87,53.75,4916.9,1030.71,20128.99
45.86,54.28,4805.8,1027.37,20128.99
45.86,54.5,4838.1,1022.58,19905.32
45.85,54.59,4965,1028.06,20084.12
45.85,54.94,5014.8,1060.27,19857.07
45.86,54.87,5105.5,1070.25,20050.56
45.85,54.79,5132.9,1077.96,20378.66
45.86,54.55,5167,1078.75,20467.43
45.86,55.15,5271,1095.34,20431.06
45.86,55.08,5253.5,1095.17,20560.81
45.86,55.73,5211.3,1096.48,20255.62
45.86,55.92,5158.9,1064.88,20250.16
45.85,56.15,5148.3,1071.25,20090.95
45.85,55.97,5139.5,1083.48,20264.59
45.85,55.89,5214.6,1069.59,20487.23
45.85,55.86,5313.8,1093.67,20589.7
45.86,55.88,5312.6,1102.66,20815.33
45.84,56.29,5351.1,1115.01,20839.91
45.84,56.29,5365.7,1113.84,20973.39
45.85,55.78,5319.7,1106.13,21091.18
45.84,56.81,5314,1101.53,21093.82
45.85,57.03,5258,1101.6,21029.81
45.84,57.2,5397.1,1125.86,21412.79
45.84,58.17,5396.5,1120.46,21457.66
45.84,58.07,5386.2,1127.24,21549.88
45.84,58.15,5365.8,1125.81,21551.72
45.84,58.5,5332.4,1121.64,21678.8
45.84,58.37,5410.5,1127.79,21801.59
45.85,57.77,5376.4,1121.06,21473.6
45.86,57.23,5245.2,1089.47,21294.54
45.86,57.1,5266.1,1083.61,21105.71
45.86,56.32,5275.4,1079.25,21071.57
45.85,57.09,5276.1,1079.38,21112.12
45.86,57.21,5350.6,1092.54,21137.43
45.85,57.76,5302.9,1094.16,21022.73
45.85,57.62,5211.3,1075.63,21072.46
45.86,57.06,5195.3,1071.69,20981.82
45.85,56.9,5234.8,1067.36,20889.01
45.85,57.19,5156,1051.87,20658.71
45.86,57.56,5109.4,1055.33,20634.98
45.85,57.85,5155.8,1047.22,20612.06
45.85,57.78,5201.6,1064.59,20597.35
45.86,57.88,5201.6,1048.92,20737.22
45.85,58.01,5225.2,1049.33,20536.49
45.85,57.83,5366.4,1080.29,20623.83
45.86,57.93,5371,1090.1,20868.92
45.86,57.9,5428.2,1104.51,20971.5
45.85,57.77,5407.8,1091.84,21401.79
45.85,57.32,5429.7,1098.87,21088.86
45.85,57.13,5494.2,1104.18,21167.27
45.85,56.49,5501.6,1109.55,21257.39
45.85,57.87,5565.5,1121.9,21658.35
45.86,58.39,5567.4,1121.1,21696.04
45.86,57.65,5555.6,1125.07,21725.64
45.86,58.01,5540.1,1124.66,21691.45
45.85,57.63,5508.5,1125.59,21970.86
45.85,57.54,5602.5,1142.71,21977.34
45.85,58.13,5576.2,1139.78,22002.59
45.85,58.84,5551.9,1134.28,22047.71
45.86,59.4,5598.5,1148.67,22119.43
45.86,59.74,5573.4,1142.16,22340.84
45.85,59.99,5578.4,1147.7,22109.95
45.85,59.92,5569.3,1144.73,22378.67
45.85,59.96,5548.6,1141.2,22358.17
45.86,60.2,5556,1137.03,22618.66
45.85,60.84,5635.8,1160.75,22639.14
45.85,61.44,5681.4,1159.97,22880.41
45.85,61.37,5662.1,1158.06,22884.32
45.85,61.55,5657.6,1165.15,22944.18
45.85,61.59,5672.4,1165.32,23207.31
45.85,61.41,5661.6,1169.77,23121.7
45.85,61.49,5747.4,1178.1,23457.69
45.86,62.04,5727.2,1173.81,23852.17
45.85,61.56,5703.4,1176.19,23757.63
45.86,61.57,5742.5,1184.71,23469.38
45.85,60.42,5703.9,1165.9,23763.73
45.85,61.15,5728.9,1178.17,23556.5
45.85,61.01,5757.9,1180.26,23649.48
45.86,61.14,5741.4,1183.08,23517.54
45.85,61.4,5752,1185.62,23627.91
45.86,60.87,5707.3,1185.64,23601.24
45.86,60.38,5646,1182.45,23164.58
45.85,60.89,5677.9,1183.78,23210.86
45.86,61.24,5675.2,1183.26,23096.32
45.86,61.14,5694.6,1184.38,23652.94
45.84,61.47,5757.4,1193.57,23671.42
45.85,61.84,5749,1197.96,24144.67
45.85,62.26,5862.8,1221.06,24535.63
45.85,61.68,5875.4,1225.85,24876.82
45.85,61.37,5850,1223.25,24964.37
45.85,60.72,5875.2,1213.4,24710.6
45.85,60.57,5816.9,1218.71,24500.61
45.84,60.24,5815.2,1213.54,24700.3
45.86,60.04,5796.9,1199.21,24222.58
45.86,59.39,5820.4,1197.75,24027.18
45.86,58.79,5681.9,1178.34,23693.02
45.86,58.96,5692.6,1178.59,23214.46
45.85,59.18,5768.7,1196.69,23637.39
45.85,59.14,5732.8,1199.73,23605.71
45.85,59.36,5680.8,1197.84,23524.02
45.85,58.62,5581.3,1180.73,22896.14
45.86,58.47,5657.1,1198.35,23023.86
45.86,57.93,5668.7,1189.4,22877.25
45.86,56.89,5551,1187.76,23166.22
45.86,57.05,5528.3,1180.55,23007.99
45.85,57.15,5642.5,1206.07,23249.8
45.85,57.67,5767.6,1221.53,23448.78
45.86,58.2,5745.3,1224.71,23320.52
45.85,58.15,5770.3,1223.12,23237.69
45.85,57.58,5808.5,1223.75,23428.15
45.85,57.29,5794.5,1228.28,23092.52
45.86,57.27,5808,1233,23171.8
45.86,57.27,5813,1240.4,23162.91
45.86,57.92,5860.8,1240.46,23317.61
45.86,57.41,5891.2,1241.59,23431.19
45.85,57.04,5882.2,1235.23,22975.35
45.85,57.25,5881.1,1242.87,22668.78
45.86,57.33,5871.8,1243.91,22714.85
45.86,57.32,5891.6,1247.08,22639.08
45.86,57.19,5951.8,1254.6,22993.86
45.85,57.33,5983.5,1258.84,23045.19
45.85,57.54,5996.1,1256.77,22902.97
45.85,57.58,6008.9,1257.54,22833.8
45.86,57.63,6008.9,1258.51,22621.73
45.85,57.88,5996.4,1259.78,22969.3
45.86,57.95,5971,1257.88,22999.34
45.85,58.46,5899.9,1257.64,23035.45
45.86,58.44,5899.9,1271.87,23436.05
45.86,58.16,6013.9,1270.2,23668.48
45.86,57.33,6043.9,1276.56,23757.82
45.86,56.97,6019.5,1273.85,23786.3
45.85,56.72,5984.3,1271.5,23686.63
45.86,57.01,5956.3,1269.75,23527.26
45.86,56.97,6014,1274.48,23760.34
45.85,57.37,6050.7,1285.96,24125.61
45.85,57.89,6023.9,1283.76,24238.98
45.85,57.94,6002.1,1293.24,24283.23
45.85,58.04,6056.4,1295.02,24153.98
45.86,58.3,5976.7,1281.92,24419.62
45.86,58.02,5867.9,1280.26,24003.7
45.85,58.43,5896.3,1283.35,23876.86
45.85,58.82,5943.9,1290.84,23801.78
45.86,58.74,5917.7,1291.18,23788.83
45.85,58.66,5969.2,1296.63,23843.24
45.86,58.7,5965.1,1299.54,23779.62
45.85,58.52,5881.4,1276.34,23617.02
45.85,58.94,5862.9,1286.12,23447.34
45.85,59.36,5957.8,1307.59,23482.95
45.85,59.25,6000.1,1304.03,23908.96
45.85,58.51,6051,1319.05,23553.59
45.85,58.35,6091.3,1324.57,23484.3
45.86,58.08,6052.3,1320.88,23164.03
45.85,57.72,6020,1321.87,22708.62
45.85,57.73,6062.9,1329.15,22828.92
45.85,57.68,6060.1,1332.32,23121.06
45.86,57.86,6037.1,1328.01,22899.78
45.86,58.17,6085.3,1336.32,23156.97
45.86,58.62,6087.4,1340.43,23301.84
45.85,58.85,6083,1343.01,23595.24
45.85,58.96,5996.8,1315.44,22990.81
45.86,58.96,5923.5,1307.4,22906.9
45.86,59,5920,1306.1,22601.04
45.86,59.08,6001.2,1319.88,23012.37
45.85,59.33,5994,1327.22,23338.02
45.85,59.25,5935.8,1306.33,23396.42
45.86,59.7,5914.9,1308.44,23048.66
45.85,59.15,6005.1,1330.97,23122.42
45.86,59.59,5990.4,1321.15,23408.86
45.85,59.48,5973.8,1310.13,23313.19
45.85,59.04,5974.8,1321.82,23711.7
45.85,59.27,5937.3,1320.02,23810.11
45.85,58.92,5845.3,1295.11,23614.89
45.86,59.45,5828.7,1304.28,23249.78
45.86,60.04,5775.2,1296.39,23345.88
45.87,59.94,5695.3,1281.87,22678.25
45.87,60.14,5598.2,1256.88,22700.88
45.87,60.24,5696.1,1273.72,22284.43
45.87,60.5,5718.1,1279.21,22300.23
45.87,60.59,5786.1,1298.38,22685.22
45.85,60.51,5762.7,1293.77,22857.9
45.86,60.5,5795.9,1297.54,22825.4
45.85,60.44,5880.9,1309.66,22915.28
45.85,60.13,5900.8,1313.8,23158.67
45.86,60.05,5904.5,1310.19,23068.19
45.85,59.86,5932.2,1319.44,23060.36
45.86,59.84,5948.3,1328.26,23451.43
45.85,59.83,5908.8,1325.83,23527.52
45.85,59.81,6009.9,1332.41,23801.9
45.85,59.87,6017,1332.87,24150.58
45.85,59.56,6007.1,1332.63,24150.58
45.85,59.9,6041.1,1335.54,24285.05
45.86,59.79,6007.4,1333.51,24281.8
45.85,59.98,6055.8,1328.17,24396.07
45.85,60.05,6053.4,1324.46,24303.07
45.86,60.45,5964.5,1314.16,23976.37
45.86,60.36,6010.4,1314.41,24135.03
45.85,60.42,5963.8,1314.52,24014
45.86,60.54,5996,1319.68,24008.07
45.85,60.19,5870.1,1305.14,23830.31
45.85,60.53,5896.9,1312.62,23520.62
45.85,61.05,6022.3,1330.36,23896.1
45.85,61.44,6018.3,1337.38,24138.31
45.85,61.48,6018.3,1335.25,24138.31
45.85,61.79,6069.4,1347.24,24007.38
45.85,62.21,6068.2,1355.66,23892.84
45.85,62.51,6069.9,1360.48,23805.63
45.85,62.75,6069.9,1363.61,23720.81
45.85,62.79,6069.9,1361.22,23720.81
45.85,62.52,6082.9,1356.62,23633.25
45.87,62.54,5984.1,1347.32,23315.24
45.87,61.96,5920,1335.1,23261.61
45.87,61.64,5976.8,1340.2,23159.14
45.87,61.67,5942.7,1346.29,23336
45.87,61.36,5976,1342.08,23291.8
45.87,61.24,5945,1348.65,23073.76
45.86,60.87,5925.9,1337.77,23276.27
45.86,61.1,5923.7,1329.47,22960.63
45.86,60.97,5861,1328.98,22901.08
45.85,60.93,5923.5,1340.68,23011.14
45.87,61.25,5956,1343.6,23163.38
45.86,60.91,5948.5,1333.27,23199.39
45.86,60.65,5835.9,1317.37,22711.02
45.86,60.79,5858.4,1316.28,22730.78
45.86,60.81,5870.1,1320.47,22747.28
45.86,61.01,5881,1325.69,22900.79
45.86,61.64,5938.9,1331.1,23118.07
45.86,61.9,5990,1345.2,23684.13
45.85,61.64,5928.6,1314.55,23626.43
45.85,62.17,5847.9,1312.94,23253.84
45.85,62.67,5855,1300.16,22949.56
45.86,62.81,5864.7,1284.94,22868.67
45.86,62.53,5808.9,1279.56,22661.63
45.85,62.36,5856.3,1289,22609.83
45.86,61.92,5765.8,1270.98,22420.37
45.85,62.13,5773.5,1271.83,22508.08
45.86,62.02,5803.1,1287.87,22496
45.86,61.43,5742.6,1265.42,22343.77
45.86,61.58,5698.8,1267.64,21953.11
45.86,61.81,5714.9,1271.5,21695.26
45.86,61.82,5693.4,1278.36,21599.51
45.85,62.07,5775.3,1295.52,21850.59
45.86,61.95,5773,1287.14,21859.97
45.86,61.59,5674.4,1283.5,21759.14
45.85,61.4,5697.7,1268.45,22171.95
45.85,61.43,5722.3,1280.1,22041.77
45.85,61.53,5766.9,1296.67,22061.78
45.86,61.67,5856,1307.41,22061.18
45.86,61.77,5945.7,1320.64,22398.1
45.85,61.51,6024,1337.88,22747.95
45.86,61.43,6002.9,1339.22,22517.55
45.85,61.51,6054.6,1353.22,22530.18
45.85,61.44,5990.6,1343.8,22726.43
45.84,60.57,5929.2,1319.49,22347.23
45.85,60.58,5869,1313.64,21663.16
45.86,61.11,5906.4,1317.72,21926.88
45.86,61.27,5847,1308.87,21940.2
45.86,61.3,5843.7,1316.14,21875.38
45.86,60.96,5752.8,1305.44,21804.75
45.86,61.14,5790,1326.73,21902.4
45.85,61.67,5853.8,1325.84,22003.69
45.85,62.11,5899.9,1343.8,21987.29
45.86,62.09,5935,1345.02,22444.8
45.86,62.18,5925.3,1337.43,22293.29
45.86,62.45,5929.7,1331.94,22572.08
45.86,62.44,5856.6,1304.89,22541.69
45.86,62.32,5873.2,1300.67,22570.74
45.86,62.66,5815.2,1292.28,22440.25
45.86,62.2,5774.4,1286.94,22663.37
45.86,62.01,5718.4,1254.05,22421.46
45.86,62.41,5584.5,1260.34,21992.72
45.86,61.5,5393.1,1200.07,21884.74
45.86,61.97,5247,1199.38,20946.14
45.86,61.96,5069,1119.46,20490.57
45.86,62.5,5164.9,1172.53,19330.7
45.86,62.09,5007.2,1120.76,19783.67
45.86,62.25,5162.8,1172.64,19595.14
45.86,62.5,5320,1178.81,19620.01
45.86,63.26,5350.6,1204.49,20260.1
45.86,63.15,5357.6,1192.76,20212.08
45.86,63.54,5331.6,1193.89,20289.03
45.84,63.47,5092.2,1140.65,20016.27
45.86,63.65,5040.8,1123.53,19399.92
45.84,63.48,5095.3,1123.82,19486.87
45.86,63.67,5129.4,1162.35,19875.53
45.86,63.29,5205.9,1177.6,19466.79
45.84,63.04,5131.1,1159.27,19752.48
45.86,63.5,5129.9,1176.8,19582.88
45.86,63.6,5129.9,1210.08,19865.11
45.86,63.56,5268.7,1212.92,20204.17
45.86,63.13,5394.5,1218.89,20534.85
45.86,62.79,5418.7,1204.42,20585.33
45.86,62.62,5292,1173.97,20212.91
45.85,62,5156.8,1165.24,19710.5
45.84,62.41,5318.6,1198.62,20048
45.84,62.17,5340.4,1185.9,19912.82
45.85,61.51,5214.7,1154.23,19866.63
45.85,61.45,5129.6,1162.27,19030.54
45.84,61.45,5227,1188.68,19045.44
45.84,61.71,5337.5,1209.11,19181.5
45.84,61.6,5368.4,1216.01,19455.31
45.85,61.2,5259.6,1204.09,18917.95
45.85,61.08,5363.7,1202.09,19014.8
45.85,60.6,5288.4,1166.76,18824.17
45.84,60.26,5041.6,1129.56,17911.95
45.85,60.25,5066.8,1136.43,17668.83
45.85,60.75,5089.4,1162.95,17407.8
45.84,60.9,5294.1,1175.38,18130.55
45.85,60.43,5217.6,1151.06,18011.06
45.85,60.6,5196.8,1160.4,18011.06
45.85,60.11,5128.5,1131.42,17592.41
45.85,59.35,5075.5,1099.23,16822.15
45.85,59.5,4944.4,1123.95,16250.27
45.84,59.84,5291.3,1164.97,17172.28
45.85,60.2,5303.4,1155.46,17707.01
45.84,60.33,5399,1194.89,17711.06
45.85,60.58,5395.7,1195.54,18141.59
45.84,60.85,5441.8,1207.25,18329.46
45.85,60.84,5403.4,1203.66,18757.81
45.84,61.02,5466.4,1224.58,18501.79
45.84,60.71,5436.7,1200.86,18873.99
45.85,60.86,5410.4,1225.38,18076.46
45.85,60.6,5450.5,1209.88,18309.22
45.85,60.6,5384.7,1215.39,17983.1
45.84,60.98,5488.7,1238.25,18025.72
45.84,61.13,5548.1,1254.19,18771.82
45.85,61.11,5525.5,1229.05,18968.2
45.85,61.43,5553.2,1242,19066.54
45.84,62.26,5713.8,1284.59,19688.7
45.84,62.26,5702.2,1285.09,20019.24
45.83,61.11,5544.2,1253.3,19864.87
45.85,60.36,5421.6,1218.28,19369.96
45.84,60.55,5484.1,1237.9,19733.71
45.83,60.85,5545.6,1261.15,19242.5
45.84,60.58,5527.2,1253.23,19842.79
45.85,60.81,5510.8,1261.12,19677.89
45.85,61.08,5567.3,1275.92,19678.47
45.84,60,5460.4,1229.1,20014.43
45.85,60.12,5444.8,1239.7,18963.89
45.84,60.63,5545.4,1263.85,19137.17
45.85,60.33,5519,1251.78,19508.18
45.84,59.84,5517.4,1257.81,19348.44
45.85,59.24,5509,1236.91,18960.9
45.85,59.2,5423.1,1216.13,18817.47
45.85,59.32,5362.9,1215.65,18491.23
45.85,58.86,5222.6,1192.98,18225.85
45.84,58.89,5206.8,1188.04,18251.59
45.85,58.34,5139.8,1161.79,17864.43
45.85,57.72,5164.7,1158.67,17689.48
45.85,57.92,5312.8,1192.55,18037.81
45.83,58.1,5337,1195.19,18256.2
45.84,59.14,5505.4,1246.96,17989.35
45.83,58.99,5489.3,1244.58,19002.26
45.84,58.93,5552.3,1244.28,19040.39
45.84,58.91,5568,1257.08,19179.69
45.85,59.19,5568.7,1258.47,18942.23
45.84,59.58,5546.9,1261.01,19240.58
45.84,59.04,5483.8,1234.35,19107.81
45.83,59.16,5529.2,1255.19,18586.23
45.83,58.65,5427.9,1236.47,18575.66
45.83,58.18,5490.2,1225.73,18447.17
45.84,58.21,5366.8,1211.82,18354.43
45.83,58.39,5400.9,1215.75,18026.84
45.84,58.61,5387.3,1219.66,18285.39
45.84,58.71,5365,1205.35,18070.21
45.84,58.92,5419.6,1241.3,18080.2
45.84,58.88,5389.7,1243.72,18416.45
45.84,58.91,5457,1254,18378.23
45.84,58.88,5512.7,1265.33,18629.17
45.83,59.05,5512.7,1265.43,18629.17
45.83,58.55,5507.4,1249.64,18518.67
45.83,58.66,5566.8,1263.02,18397.92
45.83,58.83,5572.3,1257.6,18434.39
45.82,59.42,5699.9,1277.06,18877.41
45.82,58.95,5668.5,1277.3,18727.31
45.82,58.23,5624.3,1281.06,18813.41
45.82,57.9,5649.7,1277.81,18593.06
45.83,58.09,5612.3,1280.7,18865.72
45.83,58.25,5696.7,1292.08,19004.28
45.82,58.2,5670.8,1292.48,19151.94
45.82,58.37,5662.4,1295.5,19095.38
45.82,58.17,5636.6,1289.09,19204.42
45.82,58.33,5694,1293.67,19627.75
45.82,58.67,5702.4,1308.04,19686.92
45.82,58.94,5741.2,1314.5,19942.95
45.82,59.23,5728.6,1315.38,20110.37
45.82,59.25,5782.6,1316,20110.37
45.82,59.8,5795.2,1318.43,20439.14
45.82,60.48,5733.5,1316.33,20501.67
45.83,60.22,5671.1,1313.01,20160.41
45.82,60.44,5681.6,1312.41,20390.49
45.82,60.84,5790.7,1324.09,20333.37
45.82,60.85,5796.1,1325.54,20739.45
45.82,60.59,5901.1,1344.9,20756.98
45.83,60.25,5892.2,1344.33,20709.94
45.82,60.37,5890.3,1347.05,20699.19
45.83,60.42,5875.9,1349.96,21018.46
45.82,60.35,5895.5,1351.95,21010.01
45.83,60.06,5852.4,1342.64,20783.86
45.82,60.06,5905.7,1351.77,20887.4
45.83,60.02,5899.9,1350.5,20917.83
45.82,59.88,5892.2,1343.23,21365.23
45.83,59.98,5885.4,1358.04,21277.28
45.82,59.86,5905.1,1361.23,21491.62
45.82,60.02,5928.2,1362.21,21478.72
45.82,59.95,5916.6,1357.66,21549.28
45.82,60.29,5937.9,1363.46,21380.99
45.83,60.53,5935.1,1365.74,21406.86
45.82,60.5,5915.6,1367.59,21217.86
45.82,60.65,5927.9,1372.18,21568.73
45.83,60.5,5871.5,1365.68,21680.08
45.82,60.47,5931.3,1374.09,21387.96
45.82,60.12,5911.1,1369.63,21562.26
45.82,60.09,5874.8,1364.33,21265.31
45.82,59.76,5765.8,1343.36,20806.25
45.82,59.82,5791.4,1352.63,20627.78
45.83,60.18,5859.7,1365.91,20900.73
45.83,59.68,5887.5,1370.87,21086
45.83,59.65,5892.8,1371.09,21134.18
45.83,59.41,5955.9,1395.95,21339.7
45.82,58.96,5945.4,1394.28,21307.89
45.82,58.95,5940.7,1402.6,21353.53
45.82,59.09,5965.6,1404.17,21317.85
45.83,59.44,5961.1,1409.75,21115.29
45.83,59.22,5891.4,1405.52,20888.24
45.83,59.17,5892,1402.89,20856.63
45.83,59.23,5845.7,1392.78,20901.56
45.83,59.52,5854.9,1397.11,20668.8
45.83,59.87,5902.7,1416.51,20668.86
45.82,59.72,5869.6,1412.52,21046.91
45.83,59.69,5809,1405.54,20885.42
45.82,59.75,5742,1403.28,20609.39
45.82,59.94,5768.5,1408.47,20555.58
45.81,59.96,5874.9,1419.04,20522.26
45.82,59.43,5838.3,1413.38,20790.98
45.82,58.95,5723.7,1398.08,20593
45.83,59.35,5595.6,1358.59,20356.24
45.83,59.47,5634.7,1368.71,20140.67
45.82,59.85,5710.5,1387.57,20327.32
45.81,59.44,5651.8,1370.26,20701.04
45.82,59.51,5666.3,1369.57,20610.64
45.82,59.58,5767,1390.78,20562.31
45.82,59.67,5745.3,1385.14,20780.73
45.83,59.54,5744.6,1376.92,20995.01
45.82,59.65,5772.2,1378.53,21010.64
45.83,59.63,5665.6,1366.94,20624.39
45.83,59.78,5709.5,1371.97,20677.16
45.82,59.98,5718.9,1390.69,20646.29
45.83,60.12,5748.7,1399.98,20809.71
45.82,60.25,5777.1,1403.36,20741.45
45.83,60.5,5737.8,1397.91,21094.21
45.83,60.21,5758.1,1402.31,21309.08
45.82,60.22,5766.6,1391.57,21249.53
45.82,60.08,5655.1,1369.1,21086
45.83,60.1,5655.1,1369.58,20536.65
45.83,59.95,5554.6,1363.72,20484.75
45.83,59.68,5530.1,1354.58,20330.64
45.83,59.72,5544,1357.99,20227.28
45.83,59.65,5575.5,1353.39,19964.63
45.83,59.37,5465.5,1338.35,19735.04
45.83,58.86,5437.6,1330.66,19894.31
45.83,58.63,5405.3,1324.8,19259.83
45.83,58.75,5338.4,1304.86,19200.93
45.83,58.86,5267.6,1295.22,18951.85
45.83,59.17,5304.5,1315.99,18922.32
45.81,58.74,5403.3,1316.63,19039.15
45.81,58.61,5266.4,1318.86,18786.19
45.83,58.61,5350.1,1320.68,18666.4
45.83,58.63,5351.5,1317.82,18713.41
45.83,58.53,5391.1,1332.42,19055.46
45.83,58.3,5297.3,1313.32,18690.22
45.83,58.64,5320.9,1310.33,18629.52
45.83,58.96,5260.2,1278.04,18558.34
45.83,59.04,5260.2,1278.18,18185.59
45.83,58.76,5260.2,1285.5,18259.03
45.82,59.18,5384.1,1315.13,18520.53
45.82,58.92,5447.8,1314.99,18678.29
45.82,58.86,5435.1,1325.66,18502.34
45.82,58.58,5432.4,1308.93,18953.63
45.83,58.5,5473.7,1324.18,18872.56
45.83,58.37,5483.8,1314.88,19026.52
45.83,58.5,5467.1,1329.1,18808.4
45.82,59.03,5478.8,1342.84,19233.94
45.83,58.81,5491.1,1344.78,19427.81
45.81,59.09,5586.3,1357.98,19416.67
45.81,59.1,5622.3,1355.69,19518.85
45.83,58.66,5566.4,1325.51,19265.07
45.82,58.72,5513.7,1335.02,18995.13
45.83,58.63,5450.7,1313.72,18897.45
45.83,58.57,5447,1319.99,18981.84
45.82,58.49,5523.9,1331.85,19176.95
45.83,58.42,5493.1,1329.04,19025.27
45.81,59.13,5571.2,1362.16,19441.46
45.81,59.08,5640.6,1365.51,19441.46
45.81,59.16,5687.7,1374.02,19735.53
45.81,58.73,5692.6,1367.58,19809.13
45.81,58.64,5662.6,1354.68,19800.64
45.81,58.79,5627.3,1352.46,19428.09
45.81,58.75,5664.1,1341.47,19396.36
45.81,58.88,5664.5,1341.45,19419.87
45.81,58.81,5608.3,1334.76,19025.11
45.82,59.02,5666.1,1356.78,19092.63
45.81,59.36,5662.4,1353.64,19121.34
45.81,59.46,5629.1,1363.67,19455.33
45.81,59.6,5685.8,1372.78,19239.88
45.82,59.74,5714.2,1376.51,19559.05
45.81,59.34,5651.8,1362.66,19640.8
45.81,59.04,5533.9,1350.52,19053.47
45.82,58.73,5499.2,1338.31,18903.2
45.83,58.99,5498.3,1337.89,18877.33
45.82,59.58,5573.2,1360.02,18892.79
45.83,59.68,5627.2,1385.97,19274.96
45.83,59.58,5693.6,1385.3,19585.4
45.81,59.81,5635.3,1379.32,19796.81
45.82,59.47,5712.8,1375.32,19820.38
45.82,59.36,5662.3,1365,19690.2
45.82,59.98,5787.3,1390.99,19666.18
45.83,60.08,5808.8,1394.23,19998.72
45.82,59.92,5841.2,1401.35,20072.55
45.81,60.01,5845.9,1402.22,20065.52
45.81,59.81,5851.5,1402.8,20269.47
45.81,59.92,5847.1,1405.87,20136.12
45.81,59.94,5831.9,1404.11,20081.36
45.81,59.76,5864.8,1403.93,20291.68
45.81,59.54,5833,1405.53,20052.29
45.81,59.5,5834.5,1415.51,19962.95
45.81,59.45,5852.4,1418.16,20116.07
45.81,59.4,5824.4,1418.13,20104.27
45.81,59.77,5857.5,1413.17,20100.09
45.81,60.03,5774.2,1413.49,19887.78
45.81,60.19,5776.6,1402.08,20132.24
45.81,60.13,5776.6,1411.13,19880.03
45.81,60.15,5776.6,1410.44,19798.67
45.81,60.4,5775.7,1409.3,19811.8
45.81,60.15,5743.5,1410.49,19788.51
45.81,60.14,5719.5,1399.48,19552.91
45.81,60.45,5711.5,1406.58,19482.57
45.81,60.29,5672,1404.94,19429.91
45.82,60.42,5657.9,1403.44,19145.07
45.82,60.39,5777.3,1432.12,19209.3
45.81,61.12,5794.8,1437.92,19802.16
45.81,61.03,5793.2,1429.08,19827.17
45.81,61.47,5792.2,1433.56,19857.88
45.81,61.41,5782.1,1436.56,20075.39
45.81,61.85,5819.9,1459.99,20047.63
45.81,61.75,5915.6,1465.77,20629.78
45.81,61.6,5893.5,1461.19,20658.11
45.81,61.49,5868.2,1459.32,20601.93
45.81,61.69,5888.5,1461.05,20841.91
45.81,61.55,5854.6,1460.26,20590.92
45.81,61.52,5852.6,1460.15,20734.94
45.81,61.58,5838.8,1456.89,20694.7
45.81,61.55,5859.7,1441.59,20698.68
45.81,61.65,5768.1,1433.32,20527.73
45.82,61.86,5779.4,1447.15,20762.29
45.81,61.59,5742.1,1440.67,20840.38
45.81,61.44,5820.5,1444.49,20840.38
45.81,61.4,5825.8,1450.99,20888.28
45.81,61.63,5827.8,1461.4,20907.95
45.81,61.6,5871,1460.93,21012.38
45.81,61.42,5841.7,1455.88,20824.56
45.81,61.24,5810.3,1441.48,20937.28
45.82,61.4,5776.7,1432.56,20919.6
45.82,61.51,5829.8,1432.84,20999.05
45.81,61.71,5793.3,1428.59,21136.43
45.82,61.59,5805.6,1440.13,21148.25
45.81,61.68,5870.5,1454.92,21207.07
45.82,61.87,5910.9,1460.91,21416.64
45.81,61.63,5917.1,1457.34,21518.71
45.81,61.43,5896.2,1433.19,21551.76
45.81,61.38,5882.9,1433.82,21697.55
45.82,61.11,5804.8,1408.75,21763.78
45.81,60.99,5805.1,1412.97,21810.23
45.81,61.09,5806.7,1411.94,21545.57
45.82,61.25,5782.7,1412.16,21641.82
45.82,61,5861.9,1427.59,21821.87
45.82,60.7,5868.6,1414.2,22111.33
45.81,60.63,5839.1,1417.26,22006.4
45.81,60.82,5884.9,1428.39,21944.43
45.82,60.83,5791.6,1394.53,22099.85
45.82,60.9,5776.1,1377.51,21566.91
45.82,60.81,5769.7,1379.85,21384.38
45.82,60.82,5767.3,1380.03,21430.3
45.82,60.8,5786.3,1374.53,21188.65
45.82,60.44,5722,1355.49,21441.99
45.82,60.46,5677.8,1353.33,21108.93
45.82,60.32,5605.6,1359.88,21159.01
45.82,60.62,5737.7,1386.89,21262.06
45.81,60.43,5748.1,1387.81,21228.28
45.81,60.36,5752,1391.03,21524.36
45.81,60.87,5819.1,1409.15,21913.98
45.81,60.95,5786.7,1406.29,21861.81
45.81,60.86,5799.7,1398.94,21844.03
45.81,61.12,5803.3,1409.93,21708.98
45.81,61.24,5870.3,1415.95,21922.89
45.81,61.24,5866.8,1416.18,22030.39
45.81,61.05,5871.2,1409.46,21767.85
45.81,61.42,5869,1407.05,21799.97
45.81,61.25,5892.1,1409.28,22270.91
45.81,61.16,5901.4,1413.94,22249.81
45.81,61.01,5914.4,1418.07,22191.17
45.81,61.11,5921.6,1418.55,22276.72
45.81,61.25,5925,1427.84,22323.94
45.81,61.33,5945.9,1428.48,22503.35
45.81,61.05,5929.6,1419.45,22445.58
45.81,61.23,5921.8,1413.58,22605.98
45.81,61.21,5912.2,1430.36,22513.61
45.82,61.35,5935.9,1446.79,22494.73
45.81,61.43,5961.6,1435.81,22623.37
45.81,61.47,5958.3,1443.69,22659.78
45.81,61.38,5940,1430.15,22506.29
45.81,61.31,5954.2,1426.66,22541.18
45.81,61.23,5954.2,1419.83,22541.18
45.81,61.08,5954.3,1418.1,22619.78
45.82,61.16,5925.4,1402.43,22666.59
45.81,61.01,5897.8,1426.19,22656.92
45.81,60.82,6027.4,1462.42,23311.98
45.81,60.26,6047.3,1459.37,23398.6
45.82,60.08,6089.8,1466.47,23331.09
45.8,60.25,6064.6,1461.89,23329.75
45.8,60.33,6053.6,1457.15,23111.19
45.8,60.25,6098.7,1461.02,23218.47
45.8,60.51,6101.5,1472.12,23354.31
45.8,60.56,6121.6,1472.05,23264.07
45.8,60.65,6107.9,1470.68,23413.26
45.8,60.61,6117.3,1472.34,23381.51
45.8,60.52,6104,1472.63,23356.99
45.81,60.41,6132.4,1480.94,23339.76
45.8,60.27,6154.4,1485.98,23601.78
45.8,60.41,6179.2,1492.56,23658.99
45.8,60.5,6197.6,1494.81,23635.1
45.81,60.23,6264.9,1494.82,23598.9
45.8,60.3,6284.5,1502.96,23580.43
45.8,60.03,6294.4,1500.18,23671.88
45.8,60.2,6339.2,1507.84,23655.17
45.8,60.27,6323.1,1501.96,23822.06
45.81,60.44,6276.9,1498.11,23729.53
45.8,60.16,6347.2,1513.17,23721.84
45.8,60.03,6246.8,1495.71,23685.01
45.81,59.84,6282.8,1511.29,23148.53
45.81,59.62,6295.3,1512.12,23256.93
45.81,59.44,6228.4,1509.39,23177
45.81,59.56,6263.9,1517.93,23215.16
45.81,59.32,6277.1,1517.01,23215.16
45.81,59.53,6338.4,1519.43,23215.16
45.8,59.49,6359.1,1520.33,23215.16
45.81,59.45,6327.4,1521.38,23413.25
45.8,59.3,6328.3,1519.79,23444.56
45.8,59.37,6379.1,1530.94,23143.91
45.81,58.87,6395.4,1511.95,23307.41
45.8,58.87,6291.5,1502.42,22906.67
45.81,58.87,6335.7,1515.6,22782.44
45.8,58.81,6355.4,1487.85,22820.08
45.8,58.75,6270.4,1496.94,22519.69
45.81,58.99,6325.9,1515.99,22577.01
45.81,58.87,6360.8,1514.68,23020.27
45.81,58.44,6378.6,1518.2,22880.22
45.8,58.53,6345.6,1525.2,22537.81
45.81,58.65,6432,1539.79,22560.5
45.8,58.25,6427.6,1541.46,22777.84
45.81,58.42,6439.2,1544.26,22771.44
45.8,58,6483.6,1551.18,23091.95
45.81,57.95,6503.6,1556.22,23090.82
45.8,58.1,6510.6,1552.48,22890.6
45.81,57.9,6481.5,1554.52,22556.65
45.81,58.05,6529.4,1563.23,22619.18
45.81,58.35,6489.7,1560.7,22533.11
45.8,58.24,6457.9,1552.1,22083.36
45.8,58.19,6441.3,1548.34,22041.86
45.8,58.14,6432.7,1558.71,22256.44
45.8,58.34,6388.6,1545.8,22225.88
45.81,58.65,6392.8,1556.89,22115.3
45.8,58.48,6378.4,1551.69,22251.15
45.81,58.4,6399.4,1563.77,22311.08
45.8,58.32,6387.6,1562.85,22464.82
45.81,58.5,6411.7,1569.19,22299.63
45.8,58.51,6411.7,1562.17,22299.63
45.81,58.48,6490.7,1570.25,22367.82
45.8,58.65,6420.3,1553.69,22337.49
45.8,58.73,6344.1,1559.98,22337.49
45.81,59.12,6249.8,1553.28,21726.9
45.81,58.9,6276.9,1563.07,21718.05
45.81,59.16,6313.2,1568.61,21870.34
45.81,58.75,6387.4,1587.73,22034.56
45.8,58.93,6416.1,1593.37,22101.27
45.81,59,6384.4,1588.85,22089.05
45.81,58.98,6343.6,1552.36,21772.67
45.81,59.32,6304.6,1574.57,21672.03
45.81,58.89,6244.2,1552.01,21569.67
45.8,59,6243.7,1541.61,21512.52
45.81,58.82,6286.6,1555.25,22013.57
45.81,59.06,6280.6,1562.5,22044.37
45.81,58.9,6406.1,1578.78,21806.61
45.81,58.96,6431.8,1578.79,22183.05
45.8,58.98,6442.6,1585.16,22401.24
45.8,59.32,6426.4,1582.24,22547.71
45.8,59.69,6458,1593.61,22580.77
45.8,60,6430.1,1597.57,22737.01
45.8,60.07,6451.3,1582.7,22737.01
45.81,59.87,6460.7,1597.59,22668.3
45.8,59.7,6521.5,1614.42,22689.96
45.8,59.43,6521.5,1617.5,22915.09
45.8,59.28,6557.3,1625.96,23047.09
45.81,59.66,6583.5,1632.69,23244.35
45.81,59.1,6592.7,1626.67,23211.48
45.8,58.39,6625,1633.7,23321.22
45.81,58.2,6631.8,1633.77,22989.81
45.8,57.91,6686.1,1650.34,22930.28
45.8,57.72,6693.6,1658.78,23044.24
45.8,57.83,6687.8,1650.47,23082.68
45.81,57.53,6723.1,1667.47,23082.68
45.8,57.7,6755.6,1666.29,23493.03
45.81,57.66,6803.9,1669.16,23366.37
45.81,57.24,6840.3,1655.35,23261.08
45.81,57.57,6696.8,1650.51,22669.68
45.81,57.63,6654.3,1649.6,22618.67
45.8,57.08,6762,1660.06,22924.25
45.81,57.23,6627.2,1648.36,22554.93
45.8,57.52,6657,1654.41,22484.31
45.81,57.35,6583.1,1630.74,22392.16
45.81,57.85,6525.1,1640.42,22282.19
45.81,57.58,6558.6,1631.38,22285.52
45.81,57.67,6419.3,1608.9,22069.24
45.8,58.29,6336.1,1622.56,21838.43
45.81,58.24,6412,1643.38,21575.26
45.8,57.77,6400.5,1642.81,21615.09
45.81,58.28,6340.1,1626.13,21354.66
45.81,58.87,6304.6,1636.36,20887.04
45.8,59.13,6308.3,1626.73,20969.14
45.8,59.05,6330.5,1639.04,21225.9
45.8,58.79,6374.2,1651.81,21225.88
45.8,57.92,6348.8,1628.93,20986.89
45.8,56.92,6159.5,1588.19,20382.87
45.81,56.3,6116.2,1592.43,20263.31
45.81,56.11,6029.1,1573.09,19813.98
45.81,56.27,6101.9,1588.03,19855.72
45.81,56.4,6165.5,1603.26,20338.55
45.8,56.67,6243.4,1613.2,20440.08
45.8,56.28,6215.5,1606.28,20803.29
45.81,56.36,6307.8,1614.96,20803.29
45.8,56.02,6303.9,1614.08,20658.65
45.81,56.17,6229.9,1615.41,20147.31
45.81,55.44,6375.5,1631.89,20854.67
45.79,55.59,6450.1,1640.46,20582.19
45.79,55.6,6513.1,1652.32,20683.01
45.79,55.86,6505,1652.62,20904.56
45.79,56.77,6543.4,1675.02,21437.49
45.79,56.58,6544.9,1680.19,21277.28
45.79,56.63,6586.1,1682.5,21303.31
45.79,57.21,6556.4,1676.26,21312.38
45.79,57.04,6571.9,1680.91,21371.87
45.8,56.99,6634.4,1689.37,21345.22
45.8,57.05,6630.7,1692.09,21362.42
45.8,57.45,6623.2,1695.53,21416.5
45.8,57.63,6597.4,1692.39,21915.42
45.81,57.08,6620.4,1685.94,21968.93
45.79,57.45,6588,1690.25,21900.96
45.79,57.67,6554.8,1691.65,21968.95
45.8,57.62,6560.3,1685.33,21850.15
45.79,57.44,6571,1685.96,21953.96
45.8,57.55,6621.1,1685.73,21883.66
45.79,56.85,6682,1706.87,22088.79
45.8,57.29,6647.9,1709.67,22190.97
45.8,57.36,6619.6,1707.14,22222.01
45.8,57.47,6604.2,1697.37,21923.7
45.79,57.96,6511.2,1690.91,21588.84
45.79,58.29,6529.7,1697.48,21655.88
45.8,58.24,6583.4,1691.42,21807.56
45.8,58.02,6574.3,1689.47,22271.28
45.8,57.51,6611.9,1694.16,22541.13
45.8,57.59,6483.3,1661.32,22539.25
45.8,57.47,6500,1655.83,22517.81
45.79,57.16,6465.7,1646.06,22463.7
45.8,57.42,6453.5,1652.35,21970.29
45.8,57.04,6390.8,1642.8,21817.73
45.79,56.91,6446.9,1656.96,21895.4
45.8,57.05,6492.1,1663.5,21863.51
45.79,57.1,6492.1,1656.78,22005.32
45.79,57.42,6441,1630.48,21874.77
45.79,57.13,6430.1,1634.96,21524.65
45.8,56.86,6483.1,1638.17,21704.78
45.8,56.85,6412.9,1632.97,21731.37
45.8,56.36,6468.4,1639.77,22394.58
45.8,56.51,6474.7,1653.08,22326.22
45.8,55.94,6532.4,1655.08,22597.97
45.8,56.52,6547.3,1655.17,22621.22
45.78,56.6,6530.7,1671.71,22750.65
45.79,56.46,6584,1683.99,22976.65
45.79,56.88,6588.4,1689.13,22937.14
45.79,56.89,6589,1683.42,22953.72
45.8,57.09,6583.8,1687.99,22915.28
45.79,57.45,6622.9,1697.6,23252.41
45.79,57.5,6570.2,1704.76,23180.52
45.8,58.3,6558.8,1725.52,23117.45
45.8,58.22,6625.4,1722.34,23502.51
45.79,58.15,6596.4,1709.91,23502.51
45.79,58.19,6557.4,1701.84,23371.54
45.79,58.28,6571.5,1697.42,23179.04
45.79,58.26,6551.5,1692.77,23209.63
45.79,58.03,6565.6,1698.67,23125.03
45.79,58.31,6512.7,1691.75,23207.04
45.79,58.37,6462.2,1681.55,22859.86
45.8,58.77,6437.5,1693.87,22984.48
45.8,58.84,6449,1678.66,23214.4
45.8,58.6,6453.9,1690.5,23138.54
45.8,58.76,6437.3,1676.12,22973.95
45.8,58.74,6365.8,1655.45,23178.85
45.79,58.51,6337.9,1656.4,23033.97
45.78,58.31,6430.5,1692.56,22951.3
45.77,58.52,6487.2,1703.2,23218.32
45.77,58.31,6549.1,1698.06,23336.52
45.78,58.34,6571.6,1721.54,23228.33
45.78,59.11,6576.2,1733.15,23094.88
45.79,59.2,6622.6,1744.5,23340.1
45.79,59.1,6654.2,1744.66,23438.15
45.79,59.56,6695.7,1754.67,23315.99
45.79,59.68,6674.5,1746.38,22999.95
45.78,59.62,6713.2,1752.07,22835.82
45.79,59.67,6721.3,1759.77,22698.34
45.79,59.67,6725.8,1762.11,22806.58
45.78,59.46,6774.7,1771.95,22846.54
45.78,59.27,6777.7,1763.31,23304.02
45.78,58.99,6731.4,1756.54,23206.37
45.78,58.46,6734.7,1761.64,23249.79
45.78,58.62,6763.6,1767.93,23189.62
45.78,58.37,6746.8,1762.97,23038.95
45.79,58.4,6741.7,1770.49,23036.94
45.78,58.39,6697.2,1747.15,22881.03
45.78,57.81,6708.4,1770.61,22744.39
45.79,58,6728.4,1771.89,23069.85
45.79,57.7,6726.8,1767.69,22901.41
45.79,58.02,6630,1782,22463.83
45.78,58.16,6666.1,1790.62,22649.15
45.78,58.19,6693.4,1798.18,23032.15
45.78,58.31,6723.5,1791.53,23660.06
45.78,58.28,6698,1787.87,23657.81
45.78,58,6681.1,1781.37,23700.86
45.79,57.87,6681.3,1795.85,23580.29
45.78,58.1,6674.3,1804.76,23696.28
45.78,58.06,6694.6,1802.48,23684.45
45.78,58.24,6636.2,1802.75,23681.28
45.79,58.1,6649.5,1807.23,23806.35
45.77,58.08,6650.6,1805.81,23881.29
45.78,57.63,6595.3,1800.9,24038.55
45.79,57.92,6532.4,1795.15,23910.47
45.79,57.82,6510,1792.81,23728.7
45.79,57.88,6498.3,1785.03,23712.57
45.79,58.03,6552,1805.09,23743.1
45.79,58.13,6559.5,1808.37,23811.17
45.78,58.31,6523.3,1802.62,23744.19
45.79,58.25,6507.7,1782.22,23338.24
45.79,57.97,6445.3,1775.5,23218.12
45.79,58.09,6440,1775.32,23245.96
45.78,58.21,6522.2,1786.54,23114.66
45.78,58.18,6486.2,1781,23069.23
45.79,57.95,6492.1,1810.65,23143.82
45.79,57.7,6584.7,1809.6,22888.75
45.78,57.83,6606.6,1818.32,22812.18
45.78,57.81,6678.6,1827.99,22921.56
45.78,57.78,6694.2,1833.32,23179.55
45.79,57.5,6750.9,1841.4,23243.24
45.79,57.75,6731.3,1841.07,23244.87
45.77,57.74,6749.1,1848.36,23306.39
45.77,57.38,6717.9,1831.98,23340.05
45.78,57.24,6730.7,1831.37,22817.28
45.77,57.49,6730.7,1826.77,22684.15
45.78,57.53,6755.5,1837.88,22712.78
45.78,57.32,6721.8,1837.49,22996.59
45.77,57.3,6691.3,1838.13,22787.33
45.78,57.86,6739.9,1842.37,22846.25
45.78,58.03,6757.2,1819.2,22888.76
45.78,57.85,6766.9,1838.88,22791.28
45.78,57.57,6819.9,1848.38,22902
45.78,57.71,6815.4,1845.89,22986.41
45.77,57.54,6829.3,1838.7,23133.35
45.78,57.57,6834.3,1843.8,23033.12
45.78,57.5,6826.3,1844.86,23082.25
45.78,58.14,6773.3,1828.46,22733.9
45.77,58.1,6663.7,1790.29,22450.06
45.77,58.07,6550.7,1781.56,21976.1
45.77,58.02,6572.3,1792.5,21960.64
45.78,58.08,6544.3,1774.2,22141.61
45.78,57.92,6538.5,1794.19,22035.42
45.78,58,6449.3,1755.2,21397.77
45.77,58.15,6457.9,1751.64,21269.38
45.77,58.17,6558.3,1773.43,21423.13
45.78,58.38,6571.7,1797.02,21636.85
45.77,58.31,6591.6,1799.84,21579.26
45.77,58.35,6672.7,1819.75,21962.98
45.78,58.08,6675,1819.26,22285.79
45.78,58.51,6659.4,1829.83,22165.53
45.78,58.63,6663.6,1838.63,22298.41
45.77,58.86,6796.4,1840.76,22587.72
45.78,58.63,6796.7,1828.75,22664.52
45.78,58.53,6813,1839.78,22394.08
45.77,58.69,6838.1,1836.25,22568.24
45.78,58.75,6865.9,1847.61,22388.56
45.78,58.91,6830.5,1845.12,22317.2
45.78,58.81,6799.2,1845.16,22437.44
45.77,59.06,6810.3,1854.29,22828.18
45.78,59.28,6809.7,1859.45,22836.96
45.78,59.14,6708.4,1845.73,22500.67
45.77,59.07,6823.8,1873.91,22657.63
45.78,59.14,6775.4,1873.81,22579.78
45.78,59.23,6788.5,1877.03,22702.97
45.77,59.19,6712.7,1878.04,22660.49
45.77,59.21,6689.5,1877.17,22264.93
45.77,59.11,6685.5,1867.63,22269.61
45.77,59.18,6620.9,1868.2,21901.95
45.77,59.38,6553.8,1846.34,21756.08
45.77,59.53,6527.9,1841.13,21539.49
45.77,59.63,6568.4,1858.83,21473.95
45.77,59.68,6605.3,1872.25,21583.5
45.78,58.92,6573.1,1860.77,21568.69
45.77,58.85,6542.4,1872.01,21182.16
45.78,59.12,6557.2,1866.52,21436.7
45.78,59.31,6520.4,1857.44,21846.45
45.78,59.28,6604.9,1865.62,21732.32
45.77,59.41,6605.3,1852.56,21887.75
45.77,59.43,6588.3,1849.04,21834.45
45.77,59.33,6615.6,1857.62,22065.53
45.77,59.38,6598.4,1872.34,22151.06
45.77,59.27,6652.6,1885.52,22448.54
45.77,58.97,6659,1890.9,22523.94
45.78,58.73,6649.1,1888.77,22565.08
45.77,59.12,6695.6,1865.09,22510.08
45.77,59.34,6622.8,1845.04,22377.15
45.77,59.64,6590.7,1851.96,22596.97
45.77,59.82,6635.6,1872.18,22843.17
45.77,60.04,6642,1833.08,23186.96
45.77,60.01,6561.7,1815.69,23003.64
45.77,59.92,6583.8,1830.61,23038.8
45.77,59.86,6541.6,1842.98,22671.26
45.77,59.88,6584.2,1862.31,22696.01
45.78,59.68,6625.3,1864.85,22760.24
45.76,59.52,6681.8,1879.55,22730.68
45.77,59.52,6674.7,1875.39,22509.64
45.77,59.52,6703,1878.61,22562.8
45.77,59.68,6685.7,1863.4,22223.53
45.77,59.67,6700.2,1869.43,22132.53
45.77,59.62,6769.9,1878.33,22453.89
45.77,59.88,6780,1883.95,22133.97
45.77,60.04,6822.4,1881.14,22260.67
45.76,60.29,6796.4,1878.21,21746.26
45.76,60.32,6839.3,1875.63,21837.12
45.77,60.01,6814.6,1878.48,21862.99
45.76,59.94,6851.8,1896.65,22261.61
45.77,59.82,6873.1,1897.45,22352.38
45.77,60.1,6878.5,1888.53,22582.77
45.77,60.12,6840.9,1870.85,22730.86
45.77,60.13,6855.8,1877.86,22712.91
45.77,60.1,6844.6,1885.08,22704.5
45.77,60.02,6802,1872.83,22834.68
45.76,60.01,6821,1888.03,22836.52
45.76,59.89,6820.6,1892.49,22953.76
45.77,59.87,6815.8,1900.53,22965.86
45.76,59.93,6844.9,1911.91,22944.3
45.77,60,6851.2,1909.78,23080.03
45.76,59.99,6871.3,1920.03,23010.14
45.77,59.91,6844.5,1923.57,23081.65
45.76,59.57,6836.3,1924.24,23291.04
45.76,59.53,6818.6,1927.88,23151.71
45.76,59.8,6813.5,1940.46,23109.66
45.76,60.05,6858.2,1949.44,22951
45.77,59.93,6875,1951.27,23117.47
45.77,59.8,6873.6,1950.79,23315.74
45.76,59.81,6838.9,1943.89,23257.29
45.77,59.94,6843.1,1930.11,23175.02
45.76,59.86,6777.9,1936.16,23319.17
45.77,59.97,6754.6,1937.78,23300.67
45.76,59.72,6766.8,1941.99,23203.59
45.77,60.09,6778.6,1956.98,23181.72
45.77,60.11,6808.1,1959.48,23167.73
45.77,60.04,6825.2,1962.87,23194.06
45.77,60.22,6800.6,1962.61,22804.81
45.77,60.21,6787.1,1949.98,22880.64
45.76,60.38,6733.6,1959.53,22866.7
45.76,60.51,6735.1,1957.22,23197.83
45.77,60.69,6757.8,1960.96,23221.52
45.76,60.81,6743.9,1960.23,23190.72
45.77,60.53,6816.4,1974.62,23549.62
45.76,60.43,6865.2,1985.44,23531.44
45.77,60.4,6823.5,1977.65,23540.92
45.77,60.47,6738.5,1963.71,23541.38
45.76,60.57,6718,1972.83,23176.07
45.76,60.51,6672.4,1964.68,23238.99
45.76,60.64,6690.2,1967.57,23233.45
45.76,60.64,6746.1,1977.1,23346.67
45.76,60.46,6710.5,1973.28,23459.96
45.76,60.44,6784.7,1981.57,23523.28
45.76,60.59,6738.3,1958.12,23520.87
45.75,60.63,6749.5,1978.22,23454.79
45.76,60.59,6728.4,1973.63,23387.14
45.75,60.48,6795.3,1983.53,23782.11
45.76,60.55,6798.2,1987.01,23971.87
45.76,60.46,6821.5,1987.98,24141.5
45.76,60.42,6791.6,1978.34,24216.01
45.76,60.37,6788.1,1978.91,24428.63
45.76,60.29,6807.8,1969.95,24640.53
45.76,59.96,6773.4,1970.07,24732.21
45.75,59.9,6730.1,1930.67,24756.85
45.76,60.01,6679.2,1925.15,24532.43
45.76,60.13,6677.5,1938.99,24600.08
45.75,59.89,6682.5,1920.21,24648.26
45.75,60.06,6636.2,1920.24,24584.13
45.76,60.02,6597.4,1909.57,24387.56
45.75,60.21,6567.4,1931.59,24331.41
45.75,60.21,6632.8,1936.92,24646.02
45.75,60.14,6632.4,1933.75,24689.41
45.76,60.18,6656.7,1946.72,24890.34
45.75,60.31,6685.3,1955.18,24801.36
45.76,60.57,6689.1,1955.06,24954.94
45.75,60.37,6741.3,1971.74,24955.46
45.76,60.16,6779.3,1981.6,25122.95
45.75,59.86,6755.5,1986.51,25159.76
45.76,59.92,6777.7,1992.37,24994.1
45.76,59.96,6775.3,1988.4,25112.23
45.76,59.89,6822.8,2000.02,25074.5
45.75,60.14,6830.7,2000.12,24918.75
45.76,60.23,6805.8,1996.74,24741
45.76,60.04,6819.8,2003.37,24742.06
45.75,59.51,6829.2,2002.28,24749.02
45.76,59.61,6873.6,2000.72,25317.95
45.75,59.14,6878,1997.65,25297.92
45.76,59.19,6855.1,2007.71,25240.15
45.75,58.8,6834.8,2001.54,25190.45
45.76,58.44,6830.1,1995.69,24705.36
45.75,58.26,6799.6,1997.45,24662.64
45.75,58.2,6807,1985.54,24595.32
45.75,58.22,6804.2,1984.13,24356.99
45.75,58.31,6792.2,1998.98,24136.01
45.75,57.99,6780.9,2001.57,24376.41
45.76,57.98,6819.3,2011.36,24168.72
45.76,57.92,6837.9,2010.4,24306.16
45.76,57.99,6773.6,1994.29,23955.49
45.76,58,6676.1,1982.77,23837.07
45.76,57.91,6706.3,1998.3,23921.61
45.76,57.84,6639.7,1965.99,23768.13
45.76,57.61,6649.4,1982.85,23678.41
45.75,57.55,6646.6,1977.8,23229.21
45.76,57.37,6622.7,1972.29,22932.98
45.74,57.05,6527.9,1967.9,23064.56
45.74,57.54,6563.7,1964.82,23315.04
45.75,57.68,6495.6,1935.1,23422.52
45.75,58.14,6482.2,1968.89,23263.33
45.75,57.89,6431.9,1928.21,23534.53
45.75,57.76,6340,1906.13,23088.54
45.75,57.99,6366.2,1874.74,23143.38
45.74,58.11,6392.7,1877.7,23047.97
45.74,58.53,6211.6,1862.49,23140.05
45.75,58.4,6195.9,1862.76,22900.94
45.75,58.22,6310.3,1886.76,23023.21
45.75,58.35,6267.1,1904.01,23070.26
45.74,58.27,6372.3,1941.28,23088.58
45.75,58.01,6399.7,1927.11,23403.97
45.74,57.92,6419.2,1950.82,23333.18
45.74,57.91,6388.7,1964.58,23302.2
45.74,58.12,6363.5,1961.63,23143.23
45.74,58.2,6402.2,1985.05,23520.36
45.75,57.76,6453.9,1982.3,23819.87
45.74,57.63,6463.6,1994.65,23702.04
45.75,57.18,6546.5,2018.05,23998.06
45.74,56.67,6488,2017.81,23915.97
45.75,56.84,6454,2012.1,23845.66
45.74,56.5,6539.1,2023.57,23695.62
45.75,56.1,6551.2,2031.21,23649.31
45.74,56.39,6567.2,2031.92,23550.24
45.75,56.25,6611.3,2038.26,23744.7
45.75,56.37,6627.4,2039.68,23808.28
45.75,56.28,6611,2038.25,23938.18
45.74,56.33,6635.5,2039.33,24019.94
45.74,56.46,6654.4,2039.82,24087.38
45.75,56.28,6672,2041.32,23797.08
45.74,56.4,6709.1,2051.8,23529.17
45.74,56.16,6696.6,2048.72,23373.31
45.74,56.31,6678.9,2052.75,23349.64
45.74,56.14,6750.8,2063.5,23437.12
45.75,56.19,6729.8,2069.41,23893.14
45.75,56.45,6731.1,2067.03,23843.91
45.74,56.61,6729.2,2072.83,24111.98
45.75,56.39,6722.6,2067.56,23987.45
45.74,56.54,6656.4,2053.44,23367.45
45.74,56.04,6742.1,2066.55,23654.3
45.74,55.84,6716.6,2074.33,23428.62
45.74,55.97,6679.4,2071.92,23832.56
45.75,55.47,6742.8,2075.37,24002.64
45.75,55.68,6672.2,2060.31,24047.67
45.74,56.04,6529.5,2059.82,23485.83
45.74,56.36,6500,2026.14,23524.52
45.74,56.13,6461.7,2035.33,23312.54
45.75,56.33,6300.6,2002.33,23249.2
45.73,56.28,6182.7,1989.63,23027.85
45.73,56.76,6331.8,1972.74,22670.5
45.73,56.13,6336.5,2012.89,22585.84
45.74,56,6466,2061.23,22832.21
45.73,55.91,6545.3,2070.65,23116.63
45.73,55.94,6576.7,2078.54,23408.57
45.73,55.56,6598.2,2082.17,23333.69
45.74,55.7,6609.9,2081.88,23349.34
45.73,55.22,6633.5,2090.57,23773.18
45.73,55.55,6547,2080.35,23501.1
45.74,55.33,6566.1,2058.9,23605.04
45.73,55.09,6547.8,2058.2,23857.82
45.74,54.97,6417.2,2020.58,23721.32
45.73,55.14,6366.5,2002.61,23485.41
45.73,54.99,6419.8,2025.9,23681.26
45.73,54.91,6570,2062.14,23835.53
45.73,55.12,6501.1,2044.81,23919.95
45.73,55.27,6501.4,2028.26,24026.46
45.73,55.2,6542.2,2023.03,24215.97
45.73,55.47,6388.5,2011.27,24112.6
45.73,55.45,6498.8,1992.67,24350.91
45.73,55.27,6550.3,2019.42,24103.52
45.73,54.91,6620.1,2022.55,23951.16
45.74,55.02,6728,2032.12,24352.58
45.73,54.42,6796.6,2063.15,24522.63
45.74,54.38,6832.8,2051.82,24850.45
45.74,54.33,6852.4,2057.09,24909.9
45.74,54.59,6811.6,2029.55,24807.28
45.73,54.43,6825.9,2002.16,24861.81
45.73,54.22,6810.6,2021.25,24595.85
45.73,54.46,6749.4,1994.99,24507.05
45.73,54.61,6782.6,2020.85,24484.74
45.74,54.9,6871.8,2050.03,24554.78
45.73,54.64,6860,2041.51,24679.76
45.73,54.93,6865.9,2062.52,24765.49
45.73,54.19,6853.4,2055.47,24679.39
